<?xml version="1.0"?>
<root>
    
    
    <!--
     orz 20130610 001
     Thanks a lot!
     Oyayubi forum
     shiology.com
     
     Ohigashi builded
     -->
    
<!--
 
command 

  //command + shift + H	現在ログインしているユーザアカウントの「ホーム」フォルダを開く
  command + I	情報を見る
  command + option + I	インスペクタを表示
  command + control + I	概要情報を見る
  //command + shift + I	iDisk を開く
  command + J	表示オプションを表示
  command + K	サーバへの接続
  command + shift + K	ネットワークウインドウを開く
  command + L	選択した項目のエイリアスを作る
 command + M	ウインドウをしまう
 command + option + M	すべてのウインドウをしまう
 command + N	新規 Finder ウインドウ
 command + shift + N	新規フォルダ
 command + option + N	新規スマートフォルダ
 command + O	選択した項目を開く
 command + R	(エイリアスの) オリジナルを表示
 command + shift + U	「ユーティリティ」フォルダを開く
 
 20130325 add
 command+6,7,8,9 for book mark of safari from shiology
 Command + ,」で環境設定 from takashi.hanamura.12
 command+ 0,+,- for view of safari from ohigashi
 + is left-shift only
 
 excel 現在時刻
 control+; → excelショートカット 
 
 2014/09/23追加　
 	全 commadキーコンバイン

	重要 ¥と\を出力 : option + ¥を定義
 -->

<item>
<identifier>option.orz_mode_command2</identifier>


<!-- 67890-^ -->
	
	  	<name>Command + ¥</name>
        	<autogen>__KeyToKey__ KeyCode::KEY_6 ,MODIFIERFLAG_EITHER_LEFT_OR_RIGHT_COMMAND  | ModifierFlag::NONE, KeyCode::JIS_YEN ,ModifierFlag::COMMAND_L </autogen>
        <name>Command + shift + ¥</name>
        	<autogen>__KeyToKey__ KeyCode::KEY_6 ,MODIFIERFLAG_EITHER_LEFT_OR_RIGHT_COMMAND  , MODIFIERFLAG_EITHER_LEFT_OR_RIGHT_SHIFT, KeyCode::JIS_YEN ,ModifierFlag::COMMAND_L , ModifierFlag::SHIFT_L </autogen>
        <name>Command + option + ¥</name>
        	<autogen>__KeyToKey__ KeyCode::KEY_6 ,MODIFIERFLAG_EITHER_LEFT_OR_RIGHT_COMMAND  , MODIFIERFLAG_EITHER_LEFT_OR_RIGHT_OPTION, KeyCode::JIS_YEN ,ModifierFlag::COMMAND_L , ModifierFlag::OPTION_L</autogen>
  


	<!--command+6,7,8,9 for book mark of safari from shiology-->
    
        <name>Command + 6	選択した項目を開く</name>
        	<autogen>__KeyToKey__ KeyCode::KEY_7 ,MODIFIERFLAG_EITHER_LEFT_OR_RIGHT_COMMAND  | ModifierFlag::NONE, KeyCode::KEY_6 ,ModifierFlag::COMMAND_L </autogen>
        <name>Command + shift L + 6	選択した項目を開く</name>
        	<autogen>__KeyToKey__ KeyCode::KEY_7  ,MODIFIERFLAG_EITHER_LEFT_OR_RIGHT_COMMAND  , MODIFIERFLAG_EITHER_LEFT_OR_RIGHT_SHIFT, KeyCode::KEY_6 ,ModifierFlag::COMMAND_L , ModifierFlag::SHIFT_L </autogen>
        	    
        <name>Command + 7	選択した項目を開く</name>
        	<autogen>__KeyToKey__ KeyCode::KEY_8 ,MODIFIERFLAG_EITHER_LEFT_OR_RIGHT_COMMAND  | ModifierFlag::NONE, KeyCode::KEY_7 ,ModifierFlag::COMMAND_L </autogen>
		<name>Command + shift L + 7	選択した項目を開く</name>
        	<autogen>__KeyToKey__ KeyCode::KEY_8  ,MODIFIERFLAG_EITHER_LEFT_OR_RIGHT_COMMAND  , MODIFIERFLAG_EITHER_LEFT_OR_RIGHT_SHIFT, KeyCode::KEY_7 ,ModifierFlag::COMMAND_L , ModifierFlag::SHIFT_L </autogen>

    
        <name>Command + 8	選択した項目を開く</name>
      	  <autogen>__KeyToKey__ KeyCode::KEY_9 ,MODIFIERFLAG_EITHER_LEFT_OR_RIGHT_COMMAND  | ModifierFlag::NONE, KeyCode::KEY_8 ,ModifierFlag::COMMAND_L </autogen>
        	<autogen>__KeyToKey__ KeyCode::KEY_9 ,ModifierFlag::COMMAND_R  | ModifierFlag::NONE, KeyCode::KEY_8 ,ModifierFlag::COMMAND_R </autogen>
        <name>Command + shift L + 8	選択した項目を開く</name>
        	<autogen>__KeyToKey__ KeyCode::KEY_9  ,MODIFIERFLAG_EITHER_LEFT_OR_RIGHT_COMMAND  , MODIFIERFLAG_EITHER_LEFT_OR_RIGHT_SHIFT, KeyCode::KEY_8 ,ModifierFlag::COMMAND_L , ModifierFlag::SHIFT_L </autogen>
        	<autogen>__KeyToKey__ KeyCode::KEY_9  ,ModifierFlag::COMMAND_R  , ModifierFlag::SHIFT_L, KeyCode::KEY_8 ,ModifierFlag::COMMAND_R , ModifierFlag::SHIFT_L</autogen>  


        <name>Command + 9	選択した項目を開く</name>
       	 	<autogen>__KeyToKey__ KeyCode::KEY_0 ,MODIFIERFLAG_EITHER_LEFT_OR_RIGHT_COMMAND  | ModifierFlag::NONE, KeyCode::KEY_9 ,ModifierFlag::COMMAND_L </autogen>
        <name>Command + shift L + 9	選択した項目を開く</name>
        	<autogen>__KeyToKey__ KeyCode::KEY_0  ,MODIFIERFLAG_EITHER_LEFT_OR_RIGHT_COMMAND  , MODIFIERFLAG_EITHER_LEFT_OR_RIGHT_SHIFT, KeyCode::KEY_9 ,ModifierFlag::COMMAND_L , ModifierFlag::SHIFT_L </autogen>  

    
        <!--command+ 0,+,- for view of safari from ohigashi-->
        <name>Command + 0	選択した項目を開く</name>
        	<autogen>__KeyToKey__ KeyCode::MINUS ,MODIFIERFLAG_EITHER_LEFT_OR_RIGHT_COMMAND  | ModifierFlag::NONE, KeyCode::KEY_0 ,ModifierFlag::COMMAND_L </autogen>
        <name>Command + shift L + 0	選択した項目を開く</name>
        	<autogen>__KeyToKey__ KeyCode::MINUS ,MODIFIERFLAG_EITHER_LEFT_OR_RIGHT_COMMAND  , MODIFIERFLAG_EITHER_LEFT_OR_RIGHT_SHIFT, KeyCode::KEY_0 ,ModifierFlag::COMMAND_L , ModifierFlag::SHIFT_L </autogen>

    
    
        <name>Command + -	 選択した項目を開く</name>
        	<autogen>__KeyToKey__ KeyCode::JIS_HAT ,MODIFIERFLAG_EITHER_LEFT_OR_RIGHT_COMMAND  | ModifierFlag::NONE, KeyCode::MINUS ,ModifierFlag::COMMAND_L </autogen>
        <name>Command + shift L + -	選択した項目を開く</name>
        	<autogen>__KeyToKey__ KeyCode::JIS_HAT ,MODIFIERFLAG_EITHER_LEFT_OR_RIGHT_COMMAND  , MODIFIERFLAG_EITHER_LEFT_OR_RIGHT_SHIFT, KeyCode::MINUS  ,ModifierFlag::COMMAND_L , ModifierFlag::SHIFT_L </autogen>

         
<!-- yuiop@ -->

		<name>Command + JIS_BRACKET_LEFT</name>
 			<autogen>__KeyToKey__ KeyCode::Y ,MODIFIERFLAG_EITHER_LEFT_OR_RIGHT_COMMAND  | ModifierFlag::NONE, KeyCode::JIS_BRACKET_LEFT ,ModifierFlag::COMMAND_L </autogen>
        <name>Command + shift + y</name>
        	<autogen>__KeyToKey__ KeyCode::Y ,MODIFIERFLAG_EITHER_LEFT_OR_RIGHT_COMMAND  , MODIFIERFLAG_EITHER_LEFT_OR_RIGHT_SHIFT, KeyCode::JIS_BRACKET_LEFT ,ModifierFlag::COMMAND_L , ModifierFlag::SHIFT_L </autogen>
        <name>Command + option + y</name>
        	<autogen>__KeyToKey__ KeyCode::Y ,MODIFIERFLAG_EITHER_LEFT_OR_RIGHT_COMMAND  , MODIFIERFLAG_EITHER_LEFT_OR_RIGHT_OPTION, KeyCode::JIS_BRACKET_LEFT ,ModifierFlag::COMMAND_L , ModifierFlag::OPTION_L</autogen>


  		<name>Command + Y</name>
        	<autogen>__KeyToKey__ KeyCode::U ,MODIFIERFLAG_EITHER_LEFT_OR_RIGHT_COMMAND  | ModifierFlag::NONE, KeyCode::Y ,ModifierFlag::COMMAND_L </autogen>
        <name>Command + shift + y</name>
        	<autogen>__KeyToKey__ KeyCode::U ,MODIFIERFLAG_EITHER_LEFT_OR_RIGHT_COMMAND  , MODIFIERFLAG_EITHER_LEFT_OR_RIGHT_SHIFT, KeyCode::Y ,ModifierFlag::COMMAND_L , ModifierFlag::SHIFT_L </autogen>
        <name>Command + option + y</name>
        	<autogen>__KeyToKey__ KeyCode::U ,MODIFIERFLAG_EITHER_LEFT_OR_RIGHT_COMMAND  , MODIFIERFLAG_EITHER_LEFT_OR_RIGHT_OPTION, KeyCode::Y ,ModifierFlag::COMMAND_L , ModifierFlag::OPTION_L</autogen>



  		<name>Command + U</name>
        	<autogen>__KeyToKey__ KeyCode::I ,MODIFIERFLAG_EITHER_LEFT_OR_RIGHT_COMMAND  | ModifierFlag::NONE, KeyCode::U ,ModifierFlag::COMMAND_L </autogen>
        <name>Command + shift + U	「ユーティリティ」フォルダを開く</name>
       		<autogen>__KeyToKey__ KeyCode::I ,MODIFIERFLAG_EITHER_LEFT_OR_RIGHT_COMMAND  , MODIFIERFLAG_EITHER_LEFT_OR_RIGHT_SHIFT, KeyCode::U ,ModifierFlag::COMMAND_L , ModifierFlag::SHIFT_L </autogen>
        <name>Command + option + y</name>
        	<autogen>__KeyToKey__ KeyCode::I ,MODIFIERFLAG_EITHER_LEFT_OR_RIGHT_COMMAND  , MODIFIERFLAG_EITHER_LEFT_OR_RIGHT_OPTION, KeyCode::U ,ModifierFlag::COMMAND_L , ModifierFlag::OPTION_L</autogen>


 		 <name>Command ＋ I 情報を見る</name>
        	<autogen>__KeyToKey__ KeyCode::O ,MODIFIERFLAG_EITHER_LEFT_OR_RIGHT_COMMAND  | ModifierFlag::NONE, KeyCode::I,ModifierFlag::COMMAND_L </autogen>
         <name>Command + I</name>
        	<autogen>__KeyToKey__ KeyCode::O ,MODIFIERFLAG_EITHER_LEFT_OR_RIGHT_COMMAND  | ModifierFlag::NONE, KeyCode::I ,ModifierFlag::COMMAND_L </autogen>
        <name>Command + shift + i	evernote</name>
        	<autogen>__KeyToKey__ KeyCode::O ,MODIFIERFLAG_EITHER_LEFT_OR_RIGHT_COMMAND  , MODIFIERFLAG_EITHER_LEFT_OR_RIGHT_SHIFT, KeyCode::I ,ModifierFlag::COMMAND_L , ModifierFlag::SHIFT_L </autogen>
        <name>Command ＋ option(L) + I インスペクタを表示</name>
        	<autogen>__KeyToKey__ KeyCode::O ,MODIFIERFLAG_EITHER_LEFT_OR_RIGHT_COMMAND  , MODIFIERFLAG_EITHER_LEFT_OR_RIGHT_OPTION, KeyCode::I, ModifierFlag::COMMAND_L , ModifierFlag::OPTION_L</autogen>
    
    
            <name>Command + O	選択した項目を開く</name>
        	<autogen>__KeyToKey__ KeyCode::P ,MODIFIERFLAG_EITHER_LEFT_OR_RIGHT_COMMAND  | ModifierFlag::NONE, KeyCode::O ,ModifierFlag::COMMAND_L </autogen>
    	<name>Command + shift + o	evernote</name>
        	<autogen>__KeyToKey__ KeyCode::P ,MODIFIERFLAG_EITHER_LEFT_OR_RIGHT_COMMAND  , MODIFIERFLAG_EITHER_LEFT_OR_RIGHT_SHIFT, KeyCode::O ,ModifierFlag::COMMAND_L , ModifierFlag::SHIFT_L </autogen>
        <name>Command + option + O</name>
        	<autogen>__KeyToKey__ KeyCode::P ,MODIFIERFLAG_EITHER_LEFT_OR_RIGHT_COMMAND  , MODIFIERFLAG_EITHER_LEFT_OR_RIGHT_OPTION, KeyCode::O ,ModifierFlag::COMMAND_L , ModifierFlag::OPTION_L</autogen>

		<name>Command ＋ P プリント</name>
        	<autogen>__KeyToKey__ KeyCode::JIS_ATMARK ,MODIFIERFLAG_EITHER_LEFT_OR_RIGHT_COMMAND  | ModifierFlag::NONE, KeyCode::P ,ModifierFlag::COMMAND_L </autogen>
        <name>Command + shift + P</name>
        	<autogen>__KeyToKey__ KeyCode::JIS_ATMARK ,MODIFIERFLAG_EITHER_LEFT_OR_RIGHT_COMMAND  , MODIFIERFLAG_EITHER_LEFT_OR_RIGHT_SHIFT, KeyCode::P ,ModifierFlag::COMMAND_L , ModifierFlag::SHIFT_L </autogen>
        <name>Command + option + N</name>
        	<autogen>__KeyToKey__ KeyCode::JIS_ATMARK ,MODIFIERFLAG_EITHER_LEFT_OR_RIGHT_COMMAND  , MODIFIERFLAG_EITHER_LEFT_OR_RIGHT_OPTION, KeyCode::P ,ModifierFlag::COMMAND_L , ModifierFlag::OPTION_L</autogen>
        	
       <name>Command + JIS_ATMARK</name>
        	<autogen>__KeyToKey__ KeyCode::JIS_BRACKET_LEFT ,MODIFIERFLAG_EITHER_LEFT_OR_RIGHT_COMMAND  | ModifierFlag::NONE, KeyCode::JIS_ATMARK ,ModifierFlag::COMMAND_L </autogen>
        <name>Command + shift + N</name>
        	<autogen>__KeyToKey__ KeyCode::JIS_BRACKET_LEFT ,MODIFIERFLAG_EITHER_LEFT_OR_RIGHT_COMMAND  , MODIFIERFLAG_EITHER_LEFT_OR_RIGHT_SHIFT, KeyCode::JIS_ATMARK ,ModifierFlag::COMMAND_L , ModifierFlag::SHIFT_L </autogen>
        <name>Command + option + N</name>
        	<autogen>__KeyToKey__ KeyCode::JIS_BRACKET_LEFT ,MODIFIERFLAG_EITHER_LEFT_OR_RIGHT_COMMAND  , MODIFIERFLAG_EITHER_LEFT_OR_RIGHT_OPTION, KeyCode::JIS_ATMARK ,ModifierFlag::COMMAND_L , ModifierFlag::OPTION_L</autogen>



<!-- hjkl;:+ -->    

      	<name>Command + JIS_BRACKET_RIGHT</name>
        	<autogen>__KeyToKey__ KeyCode::H ,MODIFIERFLAG_EITHER_LEFT_OR_RIGHT_COMMAND  | ModifierFlag::NONE, KeyCode::JIS_BRACKET_RIGHT ,ModifierFlag::COMMAND_L </autogen>
		<name>Command ＋ shift + H</name>
        	<autogen>__KeyToKey__ KeyCode::H ,MODIFIERFLAG_EITHER_LEFT_OR_RIGHT_COMMAND  , MODIFIERFLAG_EITHER_LEFT_OR_RIGHT_SHIFT ,KeyCode::JIS_BRACKET_RIGHT ,ModifierFlag::COMMAND_L , ModifierFlag::SHIFT_L</autogen>
        <name>Command + option + H</name>
        	<autogen>__KeyToKey__ KeyCode::H ,MODIFIERFLAG_EITHER_LEFT_OR_RIGHT_COMMAND  , MODIFIERFLAG_EITHER_LEFT_OR_RIGHT_OPTION, KeyCode::JIS_BRACKET_RIGHT ,ModifierFlag::COMMAND_L , ModifierFlag::OPTION_L</autogen>


  		<name>Command + H</name>
        	<autogen>__KeyToKey__ KeyCode::J ,MODIFIERFLAG_EITHER_LEFT_OR_RIGHT_COMMAND  | ModifierFlag::NONE, KeyCode::H ,ModifierFlag::COMMAND_L </autogen>
		<name>Command ＋ shift + H</name>
        	<autogen>__KeyToKey__ KeyCode::J ,MODIFIERFLAG_EITHER_LEFT_OR_RIGHT_COMMAND  , MODIFIERFLAG_EITHER_LEFT_OR_RIGHT_SHIFT ,KeyCode::H ,ModifierFlag::COMMAND_L , ModifierFlag::SHIFT_L</autogen>
        <name>Command + option + H</name>
        	<autogen>__KeyToKey__ KeyCode::J ,MODIFIERFLAG_EITHER_LEFT_OR_RIGHT_COMMAND  , MODIFIERFLAG_EITHER_LEFT_OR_RIGHT_OPTION, KeyCode::H ,ModifierFlag::COMMAND_L , ModifierFlag::OPTION_L</autogen>


		<name>Command + J	表示オプションを表示</name>
        	<autogen>__KeyToKey__ KeyCode::K ,MODIFIERFLAG_EITHER_LEFT_OR_RIGHT_COMMAND  | ModifierFlag::NONE, KeyCode::J ,ModifierFlag::COMMAND_L </autogen>
		<name>Command ＋ shift + H</name>
        	<autogen>__KeyToKey__ KeyCode::K ,MODIFIERFLAG_EITHER_LEFT_OR_RIGHT_COMMAND  , MODIFIERFLAG_EITHER_LEFT_OR_RIGHT_SHIFT ,KeyCode::J ,ModifierFlag::COMMAND_L , ModifierFlag::SHIFT_L</autogen>
        <name>Command + option + H</name>
        	<autogen>__KeyToKey__ KeyCode::K ,MODIFIERFLAG_EITHER_LEFT_OR_RIGHT_COMMAND  , MODIFIERFLAG_EITHER_LEFT_OR_RIGHT_OPTION, KeyCode::J ,ModifierFlag::COMMAND_L , ModifierFlag::OPTION_L</autogen>
		

		<name>Command ＋ K サーバへの接続</name>
        	<autogen>__KeyToKey__ KeyCode::L ,MODIFIERFLAG_EITHER_LEFT_OR_RIGHT_COMMAND  | ModifierFlag::NONE, KeyCode::K ,ModifierFlag::COMMAND_L </autogen>
        <name>Command + shift + K	ネットワークウインドウを開く</name>
        	<autogen>__KeyToKey__ KeyCode::L ,MODIFIERFLAG_EITHER_LEFT_OR_RIGHT_COMMAND  , MODIFIERFLAG_EITHER_LEFT_OR_RIGHT_SHIFT ,KeyCode::K ,ModifierFlag::COMMAND_L , ModifierFlag::SHIFT_L</autogen>
        <name>Command + option + K</name>
        	<autogen>__KeyToKey__ KeyCode::L ,MODIFIERFLAG_EITHER_LEFT_OR_RIGHT_COMMAND  , MODIFIERFLAG_EITHER_LEFT_OR_RIGHT_OPTION, KeyCode::K ,ModifierFlag::COMMAND_L , ModifierFlag::OPTION_L</autogen>
    
            
        <name>Command + L	選択した項目のエイリアスを作る</name>
			<autogen>__KeyToKey__ KeyCode::SEMICOLON ,MODIFIERFLAG_EITHER_LEFT_OR_RIGHT_COMMAND  | ModifierFlag::NONE, KeyCode::L ,ModifierFlag::COMMAND_L </autogen>
        <name>Command + shift + L</name>
        	<autogen>__KeyToKey__ KeyCode::SEMICOLON ,MODIFIERFLAG_EITHER_LEFT_OR_RIGHT_COMMAND  , MODIFIERFLAG_EITHER_LEFT_OR_RIGHT_SHIFT ,KeyCode::L ,ModifierFlag::COMMAND_L , ModifierFlag::SHIFT_L</autogen>
        <name>Command + option + L</name>
        	<autogen>__KeyToKey__ KeyCode::SEMICOLON ,MODIFIERFLAG_EITHER_LEFT_OR_RIGHT_COMMAND  , MODIFIERFLAG_EITHER_LEFT_OR_RIGHT_OPTION, KeyCode::L ,ModifierFlag::COMMAND_L , ModifierFlag::OPTION_L</autogen>
    


        <name>Command + ;	選択した項目を開く excel 現在時刻 </name>        	
			<autogen>__KeyToKey__ KeyCode::QUOTE ,MODIFIERFLAG_EITHER_LEFT_OR_RIGHT_COMMAND  | ModifierFlag::NONE, KeyCode::SEMICOLON ,ModifierFlag::COMMAND_L </autogen>
        <name>Command + shift + +</name>
        	<autogen>__KeyToKey__ KeyCode::QUOTE ,MODIFIERFLAG_EITHER_LEFT_OR_RIGHT_COMMAND  , MODIFIERFLAG_EITHER_LEFT_OR_RIGHT_SHIFT ,KeyCode::SEMICOLON ,ModifierFlag::COMMAND_L , ModifierFlag::SHIFT_L</autogen>
        <name>Command + option + +</name>
        	<autogen>__KeyToKey__ KeyCode::QUOTE ,MODIFIERFLAG_EITHER_LEFT_OR_RIGHT_COMMAND  , MODIFIERFLAG_EITHER_LEFT_OR_RIGHT_OPTION, KeyCode::SEMICOLON ,ModifierFlag::COMMAND_L , ModifierFlag::OPTION_L</autogen>
    

        <name>COMMAND_L + : with Orz</name>
        	<autogen>__KeyToKey__ KeyCode::JIS_BRACKET_RIGHT ,MODIFIERFLAG_EITHER_LEFT_OR_RIGHT_COMMAND  | ModifierFlag::NONE, KeyCode::QUOTE ,ModifierFlag::COMMAND_L </autogen>
        <name>Command + shift + :</name>
        	<autogen>__KeyToKey__ KeyCode::JIS_BRACKET_RIGHT ,MODIFIERFLAG_EITHER_LEFT_OR_RIGHT_COMMAND  , MODIFIERFLAG_EITHER_LEFT_OR_RIGHT_SHIFT ,KeyCode::QUOTE ,ModifierFlag::COMMAND_L , ModifierFlag::SHIFT_L</autogen>
        <name>Command + option + ;</name>
        	<autogen>__KeyToKey__ KeyCode::JIS_BRACKET_RIGHT ,MODIFIERFLAG_EITHER_LEFT_OR_RIGHT_COMMAND  , MODIFIERFLAG_EITHER_LEFT_OR_RIGHT_OPTION, KeyCode::QUOTE ,ModifierFlag::COMMAND_L , ModifierFlag::OPTION_L</autogen>
    

<!--  nm,  -->  
		<name>Command +  _</name>	
			<autogen>__KeyToKey__ KeyCode::N ,MODIFIERFLAG_EITHER_LEFT_OR_RIGHT_COMMAND  | ModifierFlag::NONE, KeyCode::JIS_UNDERSCORE ,ModifierFlag::COMMAND_L </autogen>
        <name>Command + shift + _</name>
        	<autogen>__KeyToKey__ KeyCode::N ,MODIFIERFLAG_EITHER_LEFT_OR_RIGHT_COMMAND  , MODIFIERFLAG_EITHER_LEFT_OR_RIGHT_SHIFT ,KeyCode::JIS_UNDERSCORE ,ModifierFlag::COMMAND_L , ModifierFlag::SHIFT_L</autogen>
        <name>Command + option _ ;</name>
        	<autogen>__KeyToKey__ KeyCode::N ,MODIFIERFLAG_EITHER_LEFT_OR_RIGHT_COMMAND  , MODIFIERFLAG_EITHER_LEFT_OR_RIGHT_OPTION, KeyCode::JIS_UNDERSCORE ,ModifierFlag::COMMAND_L , ModifierFlag::OPTION_L</autogen>
    


        <name>Command + N	新規 Finder ウインドウ</name>
			<autogen>__KeyToKey__ KeyCode::M ,MODIFIERFLAG_EITHER_LEFT_OR_RIGHT_COMMAND  | ModifierFlag::NONE, KeyCode::N ,ModifierFlag::COMMAND_L </autogen>
        <name>Command + shift + N	新規フォルダ</name>
        	<autogen>__KeyToKey__ KeyCode::M ,MODIFIERFLAG_EITHER_LEFT_OR_RIGHT_COMMAND  , MODIFIERFLAG_EITHER_LEFT_OR_RIGHT_SHIFT ,KeyCode::N ,ModifierFlag::COMMAND_L , ModifierFlag::SHIFT_L</autogen>
       	<name>Command + option + N	新規スマートフォルダ</name>        				
        	<autogen>__KeyToKey__ KeyCode::M ,MODIFIERFLAG_EITHER_LEFT_OR_RIGHT_COMMAND  , MODIFIERFLAG_EITHER_LEFT_OR_RIGHT_OPTION, KeyCode::N ,ModifierFlag::COMMAND_L , ModifierFlag::OPTION_L</autogen>
        	

        <name>Command + M	ウインドウをしまう</name>
       		<autogen>__KeyToKey__ KeyCode::COMMA ,MODIFIERFLAG_EITHER_LEFT_OR_RIGHT_COMMAND  | ModifierFlag::NONE, KeyCode::M ,ModifierFlag::COMMAND_L </autogen>
       	<name>Command + shift + M</name>
       		<autogen>__KeyToKey__ KeyCode::COMMA ,MODIFIERFLAG_EITHER_LEFT_OR_RIGHT_COMMAND  , MODIFIERFLAG_EITHER_LEFT_OR_RIGHT_SHIFT ,KeyCode::M ,ModifierFlag::COMMAND_L , ModifierFlag::SHIFT_L</autogen>
        <name>Command + option + M	すべてのウインドウをしまう</name>
        	<autogen>__KeyToKey__ KeyCode::COMMA ,MODIFIERFLAG_EITHER_LEFT_OR_RIGHT_COMMAND  , MODIFIERFLAG_EITHER_LEFT_OR_RIGHT_OPTION, KeyCode::M ,ModifierFlag::COMMAND_L , ModifierFlag::OPTION_L</autogen>
        	    
        <!-- Command + , で環境設定 -->
        <name> Command + ,</name>    
			<autogen>__KeyToKey__ KeyCode::DOT ,MODIFIERFLAG_EITHER_LEFT_OR_RIGHT_COMMAND  | ModifierFlag::NONE, KeyCode::COMMA ,ModifierFlag::COMMAND_L </autogen>
       	<name>Command + shift + ,</name>
       		<autogen>__KeyToKey__ KeyCode::DOT ,MODIFIERFLAG_EITHER_LEFT_OR_RIGHT_COMMAND  , MODIFIERFLAG_EITHER_LEFT_OR_RIGHT_SHIFT ,KeyCode::COMMA ,ModifierFlag::COMMAND_L , ModifierFlag::SHIFT_L</autogen>
        <name>Command + option + ,	</name>
        	<autogen>__KeyToKey__ KeyCode::DOT ,MODIFIERFLAG_EITHER_LEFT_OR_RIGHT_COMMAND  , MODIFIERFLAG_EITHER_LEFT_OR_RIGHT_OPTION, KeyCode::COMMA ,ModifierFlag::COMMAND_L , ModifierFlag::OPTION_L</autogen>


		<name> Command + .</name>    
			<autogen>__KeyToKey__ KeyCode::SLASH ,MODIFIERFLAG_EITHER_LEFT_OR_RIGHT_COMMAND  | ModifierFlag::NONE, KeyCode::DOT ,ModifierFlag::COMMAND_L </autogen>
       	<name>Command + shift + .</name>
       		<autogen>__KeyToKey__ KeyCode::SLASH ,MODIFIERFLAG_EITHER_LEFT_OR_RIGHT_COMMAND  , MODIFIERFLAG_EITHER_LEFT_OR_RIGHT_SHIFT ,KeyCode::DOT ,ModifierFlag::COMMAND_L , ModifierFlag::SHIFT_L</autogen>
        <name>Command + option + .	</name>
        	<autogen>__KeyToKey__ KeyCode::SLASH ,MODIFIERFLAG_EITHER_LEFT_OR_RIGHT_COMMAND  , MODIFIERFLAG_EITHER_LEFT_OR_RIGHT_OPTION, KeyCode::DOT ,ModifierFlag::COMMAND_L , ModifierFlag::OPTION_L</autogen>


		<name> Command + /</name>    
			<autogen>__KeyToKey__ KeyCode::JIS_UNDERSCORE ,MODIFIERFLAG_EITHER_LEFT_OR_RIGHT_COMMAND  | ModifierFlag::NONE, KeyCode::SLASH ,ModifierFlag::COMMAND_L </autogen>
       	<name>Command + shift + /</name>
       		<autogen>__KeyToKey__ KeyCode::JIS_UNDERSCORE ,MODIFIERFLAG_EITHER_LEFT_OR_RIGHT_COMMAND  , MODIFIERFLAG_EITHER_LEFT_OR_RIGHT_SHIFT ,KeyCode::SLASH ,ModifierFlag::COMMAND_L , ModifierFlag::SHIFT_L</autogen>
        <name>Command + option + /</name>
        	<autogen>__KeyToKey__ KeyCode::JIS_UNDERSCORE ,MODIFIERFLAG_EITHER_LEFT_OR_RIGHT_COMMAND  , MODIFIERFLAG_EITHER_LEFT_OR_RIGHT_OPTION, KeyCode::SLASH ,ModifierFlag::COMMAND_L , ModifierFlag::OPTION_L</autogen>

</item>

 
</root>