<?xml version="1.0"?>
<root>

  <!--
      orz 20130320 002
      Thanks a lot!
      Oyayubi forum
      shiology.com

      Ohigashi builded
  -->

  <autogen>--KeyToKey-- KeyCode::Y , ModifierFlag::NONE, KeyCode::JIS_BRACKET_LEFT</autogen>
  <autogen>--KeyToKey-- KeyCode::H , ModifierFlag::NONE, KeyCode::JIS_BRACKET_RIGHT</autogen>
  <autogen>--KeyToKey-- KeyCode::N , ModifierFlag::NONE, KeyCode::JIS_UNDERSCORE</autogen>

  <autogen>--KeyToKey-- KeyCode::KEY_6 , ModifierFlag::SHIFT_L | ModifierFlag::NONE, KeyCode::JIS_YEN , ModifierFlag::SHIFT_L</autogen>
  <autogen>--KeyToKey-- KeyCode::Y , ModifierFlag::SHIFT_L | ModifierFlag::NONE, KeyCode::JIS_BRACKET_LEFT , ModifierFlag::SHIFT_L</autogen>
  <autogen>--KeyToKey-- KeyCode::H , ModifierFlag::SHIFT_L | ModifierFlag::NONE, KeyCode::JIS_BRACKET_RIGHT , ModifierFlag::SHIFT_L</autogen>
  <autogen>--KeyToKey-- KeyCode::N ,  ModifierFlag::SHIFT_L | ModifierFlag::NONE, KeyCode::JIS_UNDERSCORE , ModifierFlag::SHIFT_L</autogen>

  <autogen>--KeyToKey-- KeyCode::KEY_6 , ModifierFlag::SHIFT_R | ModifierFlag::NONE, KeyCode::JIS_YEN , ModifierFlag::SHIFT_R</autogen>
  <autogen>--KeyToKey-- KeyCode::Y , ModifierFlag::SHIFT_R | ModifierFlag::NONE, KeyCode::JIS_BRACKET_LEFT , ModifierFlag::SHIFT_R</autogen>
  <autogen>--KeyToKey-- KeyCode::H , ModifierFlag::SHIFT_R | ModifierFlag::NONE, KeyCode::JIS_BRACKET_RIGHT , ModifierFlag::SHIFT_R</autogen>
  <autogen>--KeyToKey-- KeyCode::N ,  ModifierFlag::SHIFT_R | ModifierFlag::NONE, KeyCode::JIS_UNDERSCORE , ModifierFlag::SHIFT_R</autogen>
</root>
