<?xml version="1.0"?>
<root>


    <!--
     orz 20130320 002
     Thanks a lot!
     Oyayubi forum
     shiology.com

     Ohigashi builded
     -->

  <item>
    <name>英数モード 右キー配置を下のように変更</name>
    <appendix>67890-^¥&#8594; 667890-^</appendix>
    <appendix>yuiop[ &#8594; yyuiop</appendix>
    <appendix>hjkl;:] &#8594; hhhjkl;:</appendix>
    <appendix>nm,./_ &#8594; nnnm,./</appendix>
        <name>[ ショートカット･コンビネーションキー設定 ] は要 別設定</name>
    <identifier>remap.orz_english</identifier>

    <block>
      <inputmode_only>ENGLISH</inputmode_only>
      <include path="orz_english_core.xml" />
    </block>
    <block>
      <only>PASSWORD</only>
      <include path="orz_english_core.xml" />
    </block>
  </item>

<item>
<name>英数モード センターキー 設定</name>
</item>

<item>
<name>6 &#8594; ¥ （option + ¥ &#8594; \ ）＜ どちらかを選択</name>
<identifier>remap.option_yen2backslash</identifier>

        	<autogen>--KeyToKey-- KeyCode::KEY_6 , ModifierFlag::NONE, KeyCode::JIS_YEN </autogen>
        	<autogen>__KeyToKey__ KeyCode::KEY_6 ,MODIFIERFLAG_EITHER_LEFT_OR_RIGHT_OPTION | ModifierFlag::NONE, KeyCode::JIS_YEN ,ModifierFlag::OPTION_L</autogen>

 </item>
  <item>
            <name>6 &#8594; \ （option + ¥ &#8594; ¥）＜ どちらかを選択</name>
            <identifier>remap.eyn2backslash_20140726</identifier>
            <autogen>__KeyToKey__ KeyCode::KEY_6 | ModifierFlag::NONE, KeyCode::JIS_YEN ,ModifierFlag::OPTION_L</autogen>
            <autogen>__KeyToKey__ KeyCode::KEY_6 ,MODIFIERFLAG_EITHER_LEFT_OR_RIGHT_OPTION | ModifierFlag::NONE, KeyCode::JIS_YEN </autogen>
 </item>


  <item>
      <name>英数モード センターキー変更</name>
    <appendix>y &#8594; [ </appendix>
    <appendix>h &#8594; ]</appendix>
    <appendix>n &#8594; _</appendix>
    <identifier>remap.orz_english_6key</identifier>

    <block>
      <inputmode_only>ENGLISH</inputmode_only>
      <include path="orz_english_6key_core.xml" />
    </block>
    <block>
      <only>PASSWORD</only>
      <include path="orz_english_6key_core.xml" />
    </block>
    <!-- Key6   -->
  </item>

</root>
