<?xml version="1.0"?>
<root>

  <!--
      orz 20130320 002
      Thanks a lot!
      Oyayubi forum
      shiology.com

      Ohigashi builded
  -->
  <autogen>--KeyToKey-- KeyCode::KEY_7,  | ModifierFlag::NONE,  KeyCode::KEY_6</autogen>
  <autogen>--KeyToKey-- KeyCode::KEY_8,  | ModifierFlag::NONE,  KeyCode::KEY_7</autogen>
  <autogen>--KeyToKey-- KeyCode::KEY_9,  | ModifierFlag::NONE,  KeyCode::KEY_8</autogen>
  <autogen>--KeyToKey-- KeyCode::KEY_0,  | ModifierFlag::NONE,  KeyCode::KEY_9</autogen>
  <autogen>--KeyToKey-- KeyCode::MINUS,  | ModifierFlag::NONE,  KeyCode::KEY_0</autogen>
  <autogen>--KeyToKey-- KeyCode::JIS_HAT,  | ModifierFlag::NONE,  KeyCode::MINUS,</autogen>
  <autogen>--KeyToKey-- KeyCode::JIS_YEN ,  | ModifierFlag::NONE,  KeyCode::JIS_HAT</autogen>

  <autogen>--KeyToKey-- KeyCode::U,  | ModifierFlag::NONE,  KeyCode::Y</autogen>
  <autogen>--KeyToKey-- KeyCode::I,  | ModifierFlag::NONE,  KeyCode::U</autogen>
  <autogen>--KeyToKey-- KeyCode::O,  | ModifierFlag::NONE,  KeyCode::I</autogen>
  <autogen>--KeyToKey-- KeyCode::P,  | ModifierFlag::NONE,  KeyCode::O</autogen>
  <autogen>--KeyToKey-- KeyCode::JIS_ATMARK,  | ModifierFlag::NONE,  KeyCode::P</autogen>
  <autogen>--KeyToKey-- KeyCode::JIS_BRACKET_LEFT,  | ModifierFlag::NONE,  KeyCode::JIS_ATMARK</autogen>

  <autogen>--KeyToKey-- KeyCode::J,  | ModifierFlag::NONE,  KeyCode::H</autogen>
  <autogen>--KeyToKey-- KeyCode::K,  | ModifierFlag::NONE,  KeyCode::J</autogen>
  <autogen>--KeyToKey-- KeyCode::L,  | ModifierFlag::NONE,  KeyCode::K</autogen>
  <autogen>--KeyToKey-- KeyCode::SEMICOLON,  | ModifierFlag::NONE,  KeyCode::L</autogen>
  <autogen>--KeyToKey-- KeyCode::QUOTE,  | ModifierFlag::NONE,  KeyCode::SEMICOLON</autogen>
  <autogen>--KeyToKey-- KeyCode::JIS_BRACKET_RIGHT,  | ModifierFlag::NONE,  KeyCode::QUOTE</autogen>

  <autogen>--KeyToKey-- KeyCode::M,  | ModifierFlag::NONE,  KeyCode::N</autogen>
  <autogen>--KeyToKey-- KeyCode::COMMA,  | ModifierFlag::NONE, KeyCode::M</autogen>
  <autogen>--KeyToKey-- KeyCode::DOT,  | ModifierFlag::NONE,  KeyCode::COMMA</autogen>
  <autogen>--KeyToKey-- KeyCode::SLASH,  | ModifierFlag::NONE,  KeyCode::DOT</autogen>
  <autogen>--KeyToKey-- KeyCode::JIS_UNDERSCORE,  | ModifierFlag::NONE,  KeyCode::SLASH</autogen>

  <!-- shif mode -->

  <autogen>--KeyToKey-- KeyCode::KEY_7,  ModifierFlag::SHIFT_L  | ModifierFlag::NONE,  KeyCode::KEY_6,  ModifierFlag::SHIFT_L </autogen>
  <autogen>--KeyToKey-- KeyCode::KEY_8,  ModifierFlag::SHIFT_L  | ModifierFlag::NONE,  KeyCode::KEY_7,  ModifierFlag::SHIFT_L </autogen>
  <autogen>--KeyToKey-- KeyCode::KEY_9,  ModifierFlag::SHIFT_L  | ModifierFlag::NONE,  KeyCode::KEY_8,  ModifierFlag::SHIFT_L </autogen>
  <autogen>--KeyToKey-- KeyCode::KEY_0,  ModifierFlag::SHIFT_L  | ModifierFlag::NONE,  KeyCode::KEY_9,  ModifierFlag::SHIFT_L </autogen>
  <autogen>--KeyToKey-- KeyCode::MINUS,  ModifierFlag::SHIFT_L  | ModifierFlag::NONE,  KeyCode::KEY_0,  ModifierFlag::SHIFT_L </autogen>
  <autogen>--KeyToKey-- KeyCode::JIS_HAT,  ModifierFlag::SHIFT_L  | ModifierFlag::NONE,  KeyCode::MINUS,  ModifierFlag::SHIFT_L </autogen>
  <autogen>--KeyToKey-- KeyCode::JIS_YEN ,  ModifierFlag::SHIFT_L  | ModifierFlag::NONE,  KeyCode::JIS_HAT,  ModifierFlag::SHIFT_L </autogen>

  <autogen>--KeyToKey-- KeyCode::U,  ModifierFlag::SHIFT_L  | ModifierFlag::NONE,  KeyCode::Y,  ModifierFlag::SHIFT_L </autogen>
  <autogen>--KeyToKey-- KeyCode::I, ModifierFlag::SHIFT_L  | ModifierFlag::NONE,  KeyCode::U,  ModifierFlag::SHIFT_L </autogen>
  <autogen>--KeyToKey-- KeyCode::O,  ModifierFlag::SHIFT_L  | ModifierFlag::NONE,  KeyCode::I,  ModifierFlag::SHIFT_L </autogen>
  <autogen>--KeyToKey-- KeyCode::P,  ModifierFlag::SHIFT_L  | ModifierFlag::NONE,  KeyCode::O,  ModifierFlag::SHIFT_L </autogen>
  <autogen>--KeyToKey-- KeyCode::JIS_ATMARK,  ModifierFlag::SHIFT_L  | ModifierFlag::NONE,  KeyCode::P,  ModifierFlag::SHIFT_L </autogen>
  <autogen>--KeyToKey-- KeyCode::JIS_BRACKET_LEFT,  ModifierFlag::SHIFT_L  | ModifierFlag::NONE,  KeyCode::JIS_ATMARK,  ModifierFlag::SHIFT_L </autogen>

  <autogen>--KeyToKey-- KeyCode::J,  ModifierFlag::SHIFT_L  | ModifierFlag::NONE,  KeyCode::H,  ModifierFlag::SHIFT_L </autogen>
  <autogen>--KeyToKey-- KeyCode::K,  ModifierFlag::SHIFT_L  | ModifierFlag::NONE,  KeyCode::J,  ModifierFlag::SHIFT_L </autogen>
  <autogen>--KeyToKey-- KeyCode::L,  ModifierFlag::SHIFT_L  | ModifierFlag::NONE,  KeyCode::K,  ModifierFlag::SHIFT_L </autogen>
  <autogen>--KeyToKey-- KeyCode::SEMICOLON,  ModifierFlag::SHIFT_L  | ModifierFlag::NONE,  KeyCode::L,  ModifierFlag::SHIFT_L </autogen>
  <autogen>--KeyToKey-- KeyCode::QUOTE,  ModifierFlag::SHIFT_L  | ModifierFlag::NONE,  KeyCode::SEMICOLON,  ModifierFlag::SHIFT_L </autogen>
  <autogen>--KeyToKey-- KeyCode::JIS_BRACKET_RIGHT,  ModifierFlag::SHIFT_L  | ModifierFlag::NONE,  KeyCode::QUOTE,  ModifierFlag::SHIFT_L </autogen>

  <autogen>--KeyToKey-- KeyCode::M,  ModifierFlag::SHIFT_L  | ModifierFlag::NONE,  KeyCode::N,  ModifierFlag::SHIFT_L </autogen>
  <autogen>--KeyToKey-- KeyCode::COMMA,  ModifierFlag::SHIFT_L  | ModifierFlag::NONE, KeyCode::M,  ModifierFlag::SHIFT_L </autogen>
  <autogen>--KeyToKey-- KeyCode::DOT,  ModifierFlag::SHIFT_L  | ModifierFlag::NONE,  KeyCode::COMMA,  ModifierFlag::SHIFT_L </autogen>
  <autogen>--KeyToKey-- KeyCode::SLASH,  ModifierFlag::SHIFT_L  | ModifierFlag::NONE,  KeyCode::DOT,  ModifierFlag::SHIFT_L </autogen>
  <autogen>--KeyToKey-- KeyCode::JIS_UNDERSCORE,  ModifierFlag::SHIFT_L  | ModifierFlag::NONE,  KeyCode::SLASH, ModifierFlag::SHIFT_L </autogen>


  <autogen>--KeyToKey-- KeyCode::KEY_7,  ModifierFlag::SHIFT_R  | ModifierFlag::NONE,  KeyCode::KEY_6,  ModifierFlag::SHIFT_R </autogen>
  <autogen>--KeyToKey-- KeyCode::KEY_8,  ModifierFlag::SHIFT_R  | ModifierFlag::NONE,  KeyCode::KEY_7,  ModifierFlag::SHIFT_R </autogen>
  <autogen>--KeyToKey-- KeyCode::KEY_9,  ModifierFlag::SHIFT_R  | ModifierFlag::NONE,  KeyCode::KEY_8,  ModifierFlag::SHIFT_R </autogen>
  <autogen>--KeyToKey-- KeyCode::KEY_0,  ModifierFlag::SHIFT_R  | ModifierFlag::NONE,  KeyCode::KEY_9,  ModifierFlag::SHIFT_R </autogen>
  <autogen>--KeyToKey-- KeyCode::MINUS,  ModifierFlag::SHIFT_R  | ModifierFlag::NONE,  KeyCode::KEY_0,  ModifierFlag::SHIFT_R </autogen>
  <autogen>--KeyToKey-- KeyCode::JIS_HAT,  ModifierFlag::SHIFT_R  | ModifierFlag::NONE,  KeyCode::MINUS,  ModifierFlag::SHIFT_R </autogen>
  <autogen>--KeyToKey-- KeyCode::JIS_YEN ,  ModifierFlag::SHIFT_R  | ModifierFlag::NONE,  KeyCode::JIS_HAT,  ModifierFlag::SHIFT_R </autogen>

  <autogen>--KeyToKey-- KeyCode::U,  ModifierFlag::SHIFT_R  | ModifierFlag::NONE,  KeyCode::Y,  ModifierFlag::SHIFT_R </autogen>
  <autogen>--KeyToKey-- KeyCode::I, ModifierFlag::SHIFT_R  | ModifierFlag::NONE,  KeyCode::U,  ModifierFlag::SHIFT_R </autogen>
  <autogen>--KeyToKey-- KeyCode::O,  ModifierFlag::SHIFT_R  | ModifierFlag::NONE,  KeyCode::I,  ModifierFlag::SHIFT_R </autogen>
  <autogen>--KeyToKey-- KeyCode::P,  ModifierFlag::SHIFT_R  | ModifierFlag::NONE,  KeyCode::O,  ModifierFlag::SHIFT_R </autogen>
  <autogen>--KeyToKey-- KeyCode::JIS_ATMARK,  ModifierFlag::SHIFT_R  | ModifierFlag::NONE,  KeyCode::P,  ModifierFlag::SHIFT_R </autogen>
  <autogen>--KeyToKey-- KeyCode::JIS_BRACKET_LEFT,  ModifierFlag::SHIFT_R  | ModifierFlag::NONE,  KeyCode::JIS_ATMARK,  ModifierFlag::SHIFT_R </autogen>

  <autogen>--KeyToKey-- KeyCode::J,  ModifierFlag::SHIFT_R  | ModifierFlag::NONE,  KeyCode::H,  ModifierFlag::SHIFT_R </autogen>
  <autogen>--KeyToKey-- KeyCode::K,  ModifierFlag::SHIFT_R  | ModifierFlag::NONE,  KeyCode::J,  ModifierFlag::SHIFT_R </autogen>
  <autogen>--KeyToKey-- KeyCode::L,  ModifierFlag::SHIFT_R  | ModifierFlag::NONE,  KeyCode::K,  ModifierFlag::SHIFT_R </autogen>
  <autogen>--KeyToKey-- KeyCode::SEMICOLON,  ModifierFlag::SHIFT_R  | ModifierFlag::NONE,  KeyCode::L,  ModifierFlag::SHIFT_R </autogen>
  <autogen>--KeyToKey-- KeyCode::QUOTE,  ModifierFlag::SHIFT_R  | ModifierFlag::NONE,  KeyCode::SEMICOLON,  ModifierFlag::SHIFT_R </autogen>
  <autogen>--KeyToKey-- KeyCode::JIS_BRACKET_RIGHT,  ModifierFlag::SHIFT_R  | ModifierFlag::NONE,  KeyCode::QUOTE,  ModifierFlag::SHIFT_R </autogen>

  <autogen>--KeyToKey-- KeyCode::M,  ModifierFlag::SHIFT_R  | ModifierFlag::NONE,  KeyCode::N,  ModifierFlag::SHIFT_R </autogen>
  <autogen>--KeyToKey-- KeyCode::COMMA,  ModifierFlag::SHIFT_R  | ModifierFlag::NONE, KeyCode::M,  ModifierFlag::SHIFT_R </autogen>
  <autogen>--KeyToKey-- KeyCode::DOT,  ModifierFlag::SHIFT_R  | ModifierFlag::NONE,  KeyCode::COMMA,  ModifierFlag::SHIFT_R </autogen>
  <autogen>--KeyToKey-- KeyCode::SLASH,  ModifierFlag::SHIFT_R  | ModifierFlag::NONE,  KeyCode::DOT,  ModifierFlag::SHIFT_R </autogen>
  <autogen>--KeyToKey-- KeyCode::JIS_UNDERSCORE,  ModifierFlag::SHIFT_R  | ModifierFlag::NONE,  KeyCode::SLASH, ModifierFlag::SHIFT_R </autogen>
</root>
