<?xml version="1.0"?>

<!-- 
 orz 20130320 002
    Thanks a lot! 
        Oyayubi forum
        shiology.com
 
 Ohigashi builded
 -->

<root>

        <item>
            <name>＜親指シフト ローマ字モード＞ 左シフト＝スペース, 右シフト＝かな</name>
          		<identifier>remap.orz_roman_space_kana</identifier>
          		<include path="orz_oya_roman.xml" >
            		<replacementdef>
              				<replacementname>LEFT_THUMB</replacementname>
              				<replacementvalue>KeyCode::SPACE</replacementvalue>
            		</replacementdef>
            		<replacementdef>
              				<replacementname>RIGHT_THUMB</replacementname>
              				<replacementvalue>KeyCode::JIS_KANA</replacementvalue>
            		</replacementdef>
          		</include>
 		</item>
 		
 		        <item>
            <name>＜半濁音 ”小指シフト” 親指シフト ローマ字モード ＞ 左シフト＝スペース, 右シフト＝かな</name>
          		<identifier>remap.orz_roman_space_kana_handakuon</identifier>
          		<include path="orz_oya_roman_handakuon.xml" >
            		<replacementdef>
              				<replacementname>LEFT_THUMB</replacementname>
              				<replacementvalue>KeyCode::SPACE</replacementvalue>
            		</replacementdef>
            		<replacementdef>
              				<replacementname>RIGHT_THUMB</replacementname>
              				<replacementvalue>KeyCode::JIS_KANA</replacementvalue>
            		</replacementdef>
          		</include>
 		</item>


    <item>
        <name>＜ローマ字モード＞ 左シフト＝英数, 右シフト＝スペース</name>
        <appendix>※下の「EISUU x2 to EISUU」を同時に使うことをおすすめします</appendix>
        <identifier>remap.orz_roman_eisuu_space</identifier>
        
        <include path="orz_oya_roman.xml">
            <replacementdef>
                <replacementname>LEFT_THUMB</replacementname>
                <replacementvalue>KeyCode::JIS_EISUU</replacementvalue>
            </replacementdef>
            <replacementdef>
                <replacementname>RIGHT_THUMB</replacementname>
                <replacementvalue>KeyCode::SPACE</replacementvalue>
            </replacementdef>
        </include>
        
    </item>
    <item>
        <name>＜ローマ字モード＞ 左シフト＝英数, 右シフト＝かな</name>
        <appendix>※下の「EISUU x2 to EISUU」を同時に使うことをおすすめします</appendix>
        <identifier>remap.orz_roman_eisuu_kana</identifier>
        
        <include path="orz_oya_roman.xml">
            <replacementdef>
                <replacementname>LEFT_THUMB</replacementname>
                <replacementvalue>KeyCode::JIS_EISUU</replacementvalue>
            </replacementdef>
            <replacementdef>
                <replacementname>RIGHT_THUMB</replacementname>
                <replacementvalue>KeyCode::JIS_KANA</replacementvalue>
            </replacementdef>
        </include>
        
    </item>
    <item>
        <name>＜ローマ字モード＞ 左シフト＝スペース, 右シフト＝右コマンド</name>
        <identifier>remap.orz_roman_space_command_r</identifier>
        
        <include path="orz_oya_roman.xml">
            <replacementdef>
                <replacementname>LEFT_THUMB</replacementname>
                <replacementvalue>KeyCode::SPACE</replacementvalue>
            </replacementdef>
            <replacementdef>
                <replacementname>RIGHT_THUMB</replacementname>
                <replacementvalue>KeyCode::COMMAND_R</replacementvalue>
            </replacementdef>
        </include>
        
    </item>
    <item>
        <name>＜ローマ字モード＞ 左シフト＝左コマンド, 右シフト＝スペース</name>
        <identifier>remap.orz_roman_command_l_space</identifier>
        
        <include path="orz_oya_roman.xml">
            <replacementdef>
                <replacementname>LEFT_THUMB</replacementname>
                <replacementvalue>KeyCode::COMMAND_L</replacementvalue>
            </replacementdef>
            <replacementdef>
                <replacementname>RIGHT_THUMB</replacementname>
                <replacementvalue>KeyCode::SPACE</replacementvalue>
            </replacementdef>
        </include>
        
    </item>
    <item>
        <name>＜ローマ字モード＞ 左シフト＝左コマンド, 右シフト＝右コマンド</name>
        <identifier>remap.orz_roman_command_l_command_r</identifier>
        
        <include path="orz_oya_roman.xml">
            <replacementdef>
                <replacementname>LEFT_THUMB</replacementname>
                <replacementvalue>KeyCode::COMMAND_L</replacementvalue>
            </replacementdef>
            <replacementdef>
                <replacementname>RIGHT_THUMB</replacementname>
                <replacementvalue>KeyCode::COMMAND_R</replacementvalue>
            </replacementdef>
        </include>
        
    </item>

<item><name>----------------------------------------------------------------------</name></item>
    
    <item>
        <name>EISUU x2 to EISUU (単発での英数キーは無視する)</name>
        <identifier>remap.orz_jis_eisuu2extra5_x2eisuu</identifier>
        <autogen>__DoublePressModifier__ KeyCode::JIS_EISUU, KeyCode::VK_NONE, KeyCode::JIS_EISUU</autogen>
    </item>
    
    
<item><name>----------------------------------------------------------------------</name></item>
    
        <item>    
            <name> 日本語入力での「 : 」キー (必ずどちらかを選択)</name>
        </item>
        <item>
                    <name> 「 : 」キー</name>
                    <identifier>remap.orz_Bracket_right_original</identifier>
                    <inputmode_only>JAPANESE</inputmode_only>
                    <not>PASSWORD</not>
                    <autogen>--KeyToKey-- KeyCode::JIS_BRACKET_RIGHT, ModifierFlag::NONE, KeyCode::JIS_COLON, KeyCode::VK_NONE</autogen>
        </item>
        <item>
                    <name> Deleteキー（後退キー）</name>
                    <identifier>remap.orz_Bracket_right_2_backspace</identifier>
                    <inputmode_only>JAPANESE</inputmode_only>
                    <not>PASSWORD</not>
                    <autogen>--KeyToKey-- KeyCode::JIS_BRACKET_RIGHT, ModifierFlag::NONE, KeyCode::DELETE</autogen>
   
 		</item>      

<item><name>----------------------------------------------------------------------</name></item>
    

	<item>
    	<name>＜親指シフト 英数モード＞ 右手ホームポジション ずらす</name>
    	<!-- <identifier>remap.orz_english</identifier> -->

    	<include path="orz_english.xml" />
	</item>
		
	<item>
    	<name>＜親指シフト 日本語モード＞shiftキー同時アルファベット入力 ずらす</name>
    	<include path="orz_ja_alphabet.xml" />
	</item>
	
<item><name>----------------------------------------------------------------------</name></item>
<item>
    	<name>コンビネーションキー設定 for Orzレイアウト</name>
    	<!-- <identifier>remap.orz_combination</identifier>  -->
    	<include path="orz_combination.xml" />
 </item>


<item>
    	<name>追加設定 for Orzレイアウト</name>
    	<!-- <identifier>remap.orz_additional</identifier>  -->
    	<include path="orz_additional01.xml" />
</item>
    
 
<item><name>----------------------------------------------------------------------</name></item>

    <!-- optionL + tab  2   command + F1   -->
    <!-- ref   Karabiner / src / core / server / Resources / include / checkbox / standards / tab.xml  -->
	<item>
      <name>Optione +Tab to Command +F1（likely Alt + Tab on Windows）</name>
      <identifier>remap.OptioneTab2CommandF1</identifier>
      	<autogen>__KeyToKey__ KeyCode::TAB, MODIFIERFLAG_EITHER_LEFT_OR_RIGHT_OPTION , KeyCode::F1 ,ModifierFlag::COMMAND_L </autogen>
    </item>

<item><name>----------------------------------------------------------------------</name></item>

<!--
 <item><name>----------------------------------------------------------------------</name></item>
    <item>
    	<name>ローマ字入力 for Orzレイアウト</name>
    	<include path="orz_roman_109.xml" />
    </item>
 <item><name>----------------------------------------------------------------------</name></item>
--> 
 
</root>
